Title,News Link,Date Time
Michael Gove admits Brexit will bring years of confusion at borders as trade checks imposed. Realities of leaving single market and customs union revealed to businesses - after controversy ducked during election campaign,independent.co.uk/news/u...,1 hour ago
Amazon wants to question Trump over losing $10 B JEDI contract bid.,apnews.com/79dcd3...,1 hour ago
"Russian spacecraft following US spy satellite in ‘disturbing’ manner, Space Force general says",cnbc.com/2020/0...,1 hour ago
Over 100 US troops have been diagnosed with traumatic brain injuries following Iran strike,edition.cnn.com/2020/0...,1 hour ago
Food prices skyrocket in China amid coronavirus outbreak,abcnews.go.com/Busine...,1 hour ago
"North Korea enhanced nuclear, missile programs in 2019 in breach of sanctions - U.N. report",reuters.com/articl...,55 minutes ago
Trump's budget reflects campaign priorities but abandons pledge to wipe out deficit in 10 years,usatoday.com/story/...,1 hour ago
"RCMP arrest Unist'ot'en matriarchs during ceremony to honour missing and murdered Indigenous women and girls | ""We were holding a cremation for the Canadian Indigenous Reconciliation industry as the RCMP battered through the gates. Land defenders have also been arrested.""",straight.com/news/1...,39 minutes ago
"Lacking support, Palestinians pull request for UN vote against Trump plan",france24.com/en/202...,21 minutes ago
Seven workers die in fire at denim factory unit in Ahmedabad,indianexpress.com/articl...,42 minutes ago
"Govt yet to diagnose nature, source of strange ailment in Benue — Health Commissioner",vanguardngr.com/2020/0...,54 minutes ago
WHO still urges ‘containment measures’ like quarantine despite doubts,scmp.com/news/c...,42 minutes ago
Sinn Fein surged in Ireland's election. Here's why that's so controversial,edition.cnn.com/2020/0...,27 minutes ago
Iranians nabbed using fake Israeli passports in Ecuador,ynetnews.com/articl...,20 minutes ago
China's massive security state is being used to crack down on the Wuhan virus,edition.cnn.com/2020/0...,34 minutes ago
Outcry over reports of mass sexual assault at New Delhi women's college,edition.cnn.com/2020/0...,31 minutes ago
"North Korea enhanced nuclear, missile programs in 2019 in breach of sanctions - U.N. report",reuters.com/articl...,40 minutes ago
Elisabeth Murdoch surprise contender to become new British Broadcasting Corporation (BBC) Director-General,inews.co.uk/news/e...,39 minutes ago
Turkey retaliates against Syrian air strike,nation.com.pk/10-Feb...,1 hour ago
"Turkey's government said its forces had retaliated against dozens of Syrian targets, ""neutralizing"" more than 100 soldiers. Earlier on Monday, five Turkish soldiers were killed in a Syrian military attack.",dw.com/en/tur...,32 minutes ago
Seven workers die in fire at denim factory unit in Ahmedabad,indianexpress.com/articl...,26 minutes ago
"Govt yet to diagnose nature, source of strange ailment in Benue — Health Commissioner",vanguardngr.com/2020/0...,38 minutes ago
WHO still urges ‘containment measures’ like quarantine despite doubts,scmp.com/news/c...,27 minutes ago
"Coronavirus could be airborne, Chinese official claims",newsweek.com/corona...,13 minutes ago
Sinn Féin declares victory in Irish general election | World news,theguardian.com/world/...,1 hour ago
